County,NAME
VICTORIA,ST JOHN'S SCHOOL
HARRIS,A & B NURSERY SCHOOL
COLLIN,A+ PREP SCHOOL
WILLIAMSON,ABACUS SCHOOL OF AUSTIN
ARANSAS,ABC LEARNING CENTER
HARRIS,ABIDING WORD LUTHERAN SCHOOL
TAYLOR,ABILENE CHRISTIAN SCHOOLS
TAYLOR,ABILENE JUNIOR ACADEMY
GALVESTON,ABUNDANT LIFE CHRISTIAN SCHOOL
TRAVIS,ACADEMY OF THOUGHT AND INDUSTRY AUSTIN
TRAVIS,ACE ACADEMY
BEXAR,ACHIEVERS CENTER FOR EDUCATION
TRAVIS,ACTON IMPRIMIS LAKE TRAVIS
SMITH,ACUTE CHILDRENS MONTESSORI ACADEMY
DALLAS,ADVANCED PREPARATORY INTERNATIONAL
HAYS,ADVENT RIDGE ACADEMY
DALLAS,ADVENTURE DISCOVERY CENTER NUMBER 3
HAYS,AESA PREP ACADEMY
BRAZOS,AGGIELAND COUNTRY SCHOOL
TRAVIS,AHB COMMUNITY SCHOOL
DALLAS,AKIBA YAVNEH ACADEMY
HARRIS,AL-HADI SCHOOL OF ACCELERATIVE LEARNING
DALLAS,ALCUIN SCHOOL
DENTON,"ALDEN MONTESSORI SCHOOL, LLC"
FORT BEND,ALEM LLC DBA KIDDIE ACADEMY OF KATY WEST
DALLAS,ALHAMEED BOYS AND AMATUR RAHMAN GIRLS ACADEMIES
JIM WELLS,ALICE CHRISTIAN SCHOOL
MONTGOMERY,ALL NATIONS COMMUNITY SCHOOL
COLLIN,ALL SAINTS CATHOLIC SCHOOL
TARRANT,ALL SAINTS CATHOLIC SCHOOL
TRAVIS,ALL SAINTS EPISCOPAL DAY SCHOOL AUSTIN
JEFFERSON,ALL SAINTS EPISCOPAL SCHOOL
SMITH,ALL SAINTS EPISCOPAL SCHOOL
TARRANT,ALL SAINTS EPISCOPAL SCHOOL
LUBBOCK,ALL SAINTS EPISCOPAL SCHOOL LUBBOCK
BRAZOS,ALLEN ACADEMY
TARRANT,ALLIANCE CHRISTIAN ACADEMY
WALKER,ALPHA OMEGA ACADEMY
GREGG,ALPINE CHRISTIAN ACADEMY
BREWSTER,ALPINE CHRISTIAN SCHOOL
BREWSTER,ALPINE CHRISTIAN SCHOOL
BREWSTER,ALPINE MONTESSORI SCHOOL
RANDALL,AMARILLO MONTESSORI ACADEMY
TOM GREEN,AMBLESIDE SCHOOL OF SAN ANGELO
COLLIN,AMEEN ACADEMY
TOM GREEN,ANGELO CATHOLIC SCHOOL
BRAZORIA,ANGLETON CHRISTIAN SCHOOL
COLLIN,ANN & NATE LEVINE ACADEMY
NUECES,ANNAPOLIS CHRISTIAN ACADEMY
HARRIS,ANNUNCIATION ORTHODOX SCHOOL
WEBB,APPLE BEE MATH AND SCIENCE ACADEMY
HARRIS,APPLE TREE SCHOOL
WILLIAMSON,APPLEGATE ADVENTIST JR ACADEMY
DALLAS,APPLESEED ACADEMY
DALLAS,ARBORCREEK MONTESSORI ACADEMY
DALLAS,ARBORCREEK MONTESSORI SCHOOL
GALVESTON,ARCADIA FIRST BAPTIST CHRISTIAN SCHOOL
COLLIN,ARCHGATE MONTESSORI CHRISTIAN ACADEMY
NUECES,ARLINGTON HEIGHTS CHRISTIAN SCHOOL
HARRIS,ARMAND BAYOU MONTESSORI
HARRIS,ASBURY METHODIST DAY SCHOOL
RANDALL,ASCENSION ACADEMY
DALLAS,ASCENSION DAY SCHOOL
TRAVIS,ASCENT: AN ACTON ACADEMY
GALVESTON,ASPIRE CHRISTIAN ACADEMY
HARRIS,ASSUMPTION CATHOLIC SCHOOL
HARRIS,ATASCOCITA MONTESSORI SCHOOL
HENDERSON,ATHENS CHRISTIAN PREPARATORY ACADEMY
TRAVIS,AUSTIN CHILDREN'S MONTESSORI
TRAVIS,AUSTIN INTERNATIONAL SCHOOL
TRAVIS,AUSTIN JEWISH ACADEMY
TRAVIS,AUSTIN MONTESSORI SCHOOL
TRAVIS,AUSTIN WALDORF SCHOOL
DALLAS,AUTISM TREATMENT CENTER DAY SCHOOL PROGRAM
COLLIN,AVVAI TAMIL CENTER
PARKER,AZLE CHRISTIAN SCHOOL
TRAVIS,BAIS MENACHEM HEBREW ACADEMY
FORT BEND,BAKERS PREP SCHOOL
DALLAS,BALCH SPRINGS CHRISTIAN ACADEMY
BASTROP,BASTROP MONTESSORI
GALVESTON,BAY AREA CHRISTIAN SCHOOL
HARRIS,BAY AREA MONTESSORI HOUSE
HARRIS,BAYTOWN CHRISTIAN ACADEMY
TARRANT,BEAR VALLEY ACADEMY
HARRIS,BECKER EARLY CHILDHOOD CENTER
FORT BEND,BEREAN CHRISTIAN ACADEMY
HARRIS,BETH YESHURUN DAY SCHOOL
COLLIN,BETHANY CHRISTIAN SCHOOL
BOWIE,BETHEL SDA SCHOOL
EL PASO,BETHESDA CHRISTIAN ACADEMY
ROCKWALL,BIG TYME SPORTS ACADEMY
DALLAS,BISHOP DUNNE CATHOLIC SCHOOL
NUECES,BISHOP GARRIGA MIDDLE SCHOOL
DALLAS,BISHOP LYNCH HIGH SCHOOL
SMITH,BISHOP TK GORMAN CATHOLIC SCHOOL
HARRIS,BKM  KATY TAMIL SCHOOL
BEXAR,BLESSED HOPE ACADEMY
BEXAR,BLESSED SACRAMENT CATHOLIC SCHOOL
WEBB,BLESSED SACRAMENT SCHOOL
WILLIAMSON,BLOOMING SCHOLARS MONTESSORI SCHOOL
HARRIS,BONNE VIE SCHOOL
JOHNSON,BOULEVARD BAPTIST CHRISTIAN SCHOOL
COMAL,BRACKEN CHRISTIAN SCHOOL
BRAZOS,BRAZOS VALLEY CORNERSTONE CHRISTIAN ACADEMY
BRAZORIA,BRAZOSPORT CHRISTIAN SCHOOL
COLLIN,BRECKINRIDGE MONTESSORI SCHOOL
TRAVIS,BRENTWOOD CHRISTIAN SCHOOL
FORT BEND,BRIDGE PREPARATORY ACADEMY
SMITH,BRIDGEMARK CENTER FOR LEARNING
TRAVIS,BRIDGES ACADEMY AUSTIN
BRAZORIA,BRIGHT LEARNERS ACADEMY
DALLAS,BRIGHT MINDS EARLY LEARNING CENTER
HARRIS,BRITISH INTERNATIONAL SCHOOL OF HOUSTON
HARRIS,BROOKHOLLOW CHRISTIAN ACADEMY
BROWN,BROWN COUNTY CHRISTIAN SCHOOL
DALLAS,BROWNS EARLY DISCOVERY  SCHOOL
CAMERON,BROWNSVILLE MONTESSORI ACADEMY
BEXAR,BUCKNER FANNING SCHOOL AT MISSION SPRINGS
JOHNSON,BURLESON ADVENTIST SCHOOL
TARRANT,BURTON ADVENTIST ACADEMY
MIDLAND,BYNUM SCHOOL
FORT BEND,C FC BILINGUAL ACADEMY
DALLAS,C P PREPARATORY SCHOOL
MONTGOMERY,CALVARY BAPTIST SCHOOL
LUBBOCK,CALVARY BAPTIST WEEKDAY MINISTRIES
GALVESTON,CALVARY CHILDHOOD EDUCATION MINISTRY
TARRANT,CALVARY CHRISTIAN ACADEMY
CAMERON,CALVARY CHRISTIAN SCHOOL
FORT BEND,CALVARY EPISCOPAL PREPARATORY
BASTROP,CALVARY EPISCOPAL SCHOOL
DALLAS,CALVARY LUTHERAN SCHOOL
DALLAS,CALVARY TEMPLE CHRISTIAN ACADEMY
COLLIN,"CAMBRIDGE ACADEMY, INC."
FORT BEND,CAMBRIDGE MONTESSORI SCHOOL
COLLIN,CANYON CREEK DAY SCHOOL
TRAVIS,CAPITOL SCHOOL OF AUSTIN
DALLAS,CARE CHILD DEVELOPMENT CENTER
DALLAS,CARLISLE SCHOOL
HARRIS,CAROLINE SCHOOL/EASTER SEALS CHILDRENS THERAPY
WILLIAMSON,CASA DE NINOS BILINGUAL MONTESSORI SCHOOL
FORT BEND,CASA DEI BAMBINI
TRAVIS,CASA MONTESSORI CHILD DEVELOPMENT CENTER
TRAVIS,CASNER CHRISTIAN ACADEMY
TARRANT,CASSATA HIGH SCHOOL
EL PASO,CATHEDRAL HIGH SCHOOL
TRAVIS,CATHEDRAL SCHOOL OF ST MARY
HAYS,CEI PRESCHOOL SPANISH IMMERSION SCHOOL
HARRIS,CENTER FOR TEACHING & LEARNING
HARRIS,CENTER FOR TEACHING AND LEARNING
MONTGOMERY,CENTRAL BAPTIST ACADEMY
RANDALL,CENTRAL BAPTIST CHRISTIAN ACADEMY
BEXAR,CENTRAL CATHOLIC HIGH SCHOOL -SAN ANTONIO
HARRIS,CENTRAL CHRISTIAN ACADEMY
LAMAR,CENTRAL PRESBYTERIAN DAY SCHOOL
BELL,CENTRAL TEXAS CHRISTIAN SCHOOL
COLLIN,CHALLENGER SCHOOL - LEGACY
WEBB,CHAMPIONS CHRISTIAN ACADEMY
BRAZOS,CHARLOTTE SHARP CHILDRENS CENTER (CSCC)
DALLAS,CHASE'S PLACE
HARRIS,CHILDRENS BUILDING BLOCKS
DALLAS,CHILDRENS DISCOVERY CENTER
BEXAR,CHILDRENS LIGHTHOUSE HELOTES
FORT BEND,CHILDRENS LIGHTHOUSE LEARNING CENTER
TARRANT,CHILDRENS UNIVERSITY
HARRIS,CHINQUAPIN PREPARATORY SCHOOL
JOHNSON,CHISHOLM TRAIL ACADEMY
DENTON,CHOICES LEADERSHIP ACADEMY
WICHITA,CHRIST ACADEMY
FORT BEND,CHRIST CHURCH SCHOOL
NACOGDOCHES,CHRIST EPISCOPAL SCHOOL
LUBBOCK,CHRIST THE KING CATHEDRAL SCHOOL
HARRIS,CHRIST THE REDEEMER CATHOLIC SCHOOL
GRAY,CHRISTIAN COMMUNITY SCHOOL
TARRANT,CHRISTIAN COTTAGE PREP
ANDERSON,CHRISTIAN HERITAGE ACADEMY
GREGG,CHRISTIAN HERITAGE CLASSICAL SCHOOL
SMITH,CHRISTIAN HERITAGE SCHOOL
HARRIS,CHRISTIAN SCHOOL OF NORTHWEST HOUSTON
LIBERTY,CHRYSALIS SCHOOL
FORT BEND,CINCO RANCH MONTESSORI
DALLAS,CISTERCIAN PREPARATORY SCHOOL
WASHINGTON,CITADEL CHRISTIAN SCHOOL
TRAVIS,CITY SCHOOL OF TEXAS
DALLAS,CLASSICAL SCHOOL OF DALLAS
TRAVIS,CLEARVIEW SUDBURY SCHOOL
JOHNSON,CLEBURNE ADVENTIST CHRISTIAN SCHOOL
JOHNSON,CLEBURNE CHRISTIAN ACADEMY
HARRIS,CLOUD OF LIGHT CHRISTIAN ACADEMY
NUECES,COGGIN MEMORIAL SCHOOL
BEXAR,COKER EARLY LEARNING CENTER
COLLIN,COLLIN COUNTY CORNERSTONE CHRISTIAN ACADEMY
BEXAR,COLONIAL HILLS UNITED METHODIST SCHOOL
WALLER,COMMUNITY CHRISTIAN ACADEMY
ORANGE,COMMUNITY CHRISTIAN SCHOOL
WILLIAMSON,COMMUNITY MONTESSORI SCHOOL
TRAVIS,CONCORDIA HIGH SCHOOL
HARRIS,CONCORDIA LUTHERAN HIGH SCHOOL
BEXAR,CONCORDIA LUTHERAN SCHOOL
HARRIS,CONGREGATION BETH ISRAEL
MONTGOMERY,CONROE ADVENTIST ACADEMY
MONTGOMERY,CONROE ADVENTIST ACADEMY
DALLAS,COPPELL MONTESSORI ACADEMY
DALLAS,COPPELL TAMIL LEARNING CENTER
DALLAS,CORAM DEO ACADEMY
DENTON,CORAM DEO ACADEMY
COLLIN,CORAM DEO ACADEMY OF COLLIN COUNTY
DENTON,CORINTH MONTESSORI SCHOOL
FORT BEND,CORNERSTONE CHRISTIAN ACADEMY
NOLAN,CORNERSTONE CHRISTIAN SCHOOL
TAYLOR,CORNERSTONE CHRISTIAN SCHOOL
TOM GREEN,CORNERSTONE CHRISTIAN SCHOOL
BEXAR,CORNERSTONE CHRISTIAN SCHOOLS
DALLAS,CORNERSTONE CROSSROADS ACADEMY
HARRIS,CORPUS CHRISTI CATHOLIC SCHOOL
TARRANT,COUNTRY DAY SCHOOL OF ARLINGTON
PARKER,COUTS CHRISTIAN ACADEMY
HARRIS,COVENANT ACADEMY
HIDALGO,COVENANT CHRISTIAN ACADEMY
TARRANT,COVENANT CHRISTIAN ACADEMY
MONTGOMERY,COVENANT CHRISTIAN SCHOOL
TARRANT,COVENANT CLASSICAL SCHOOL
WILLIAMSON,COVENANT COMMUNITY SCHOOLS
BRAZOS,COVENANT PRESBYTERIAN DAY SCHOOL
HARRIS,CRANBROOK LEARNING CONNECTION
HARRIS,CREATIVE CORNER
GALVESTON,CREATIVE CORNERS SCHOOL
DENTON,CREEKWOOD SCHOOL
DENTON,CREME DE LA CREME
COLLIN,CREME DE LA CREME - ALLEN
COLLIN,CREME DE LA CREME - PLANO
KENDALL,CRESTMONT CHRISTIAN PREPARATORY SCHOOL
MIDLAND,CRESTVIEW BAPTIST EARLY CHILDHOOD CENTER
DALLAS,CRISTO REY DALLAS COLLEGE PREP
TARRANT,CRISTO REY FORT WORTH COLLEGE PREP
BROWN,CROSS CLASSICAL ACADEMY
COMAL,CROSS LUTHERAN SCHOOL
HARRIS,CROSS POINT PRESCHOOL KATY
HARRIS,CROSSING BORDERS BILINGUAL ACADEMY
TARRANT,CROSSROADS CHRISTIAN ACADEMY
ECTOR,CROSSROADS SCHOOL
TARRANT,CROWN OF LIFE LUTHERAN SCHOOL
HARRIS,CUNAE INTERNATIONAL SCHOOL
COLLIN,CUSTER ROAD CHRISTIAN DAY SCHOOL
HARRIS,CY FAIR MONTESSORI SCHOOL
MARION,CYPRESS BEND ADVENTIST ELEMENTARY SCHOOL
HARRIS,CYPRESS CHRISTIAN SCHOOL
COLLIN,CYPRESS CREEK CHILDREN'S MONTESSORI SCHOOL
HARRIS,CYPRESS MONTESSORI SCHOOL
HARRIS,CYPRESSWOOD MONTESSORI SCHOOL
HARRIS,D.A.V. MONTESSORI SCHOOL
HARTLEY,DALHART CHRISTIAN ACADEMY
DALLAS,DALLAS ACADEMY
DALLAS,DALLAS CHRISTIAN ACADEMY
DALLAS,DALLAS INTERNATIONAL SCHOOL
DALLAS,DALLAS LUTHERAN SCHOOL
HARRIS,DARUL ARQAM SOUTHEAST
DENTON,DENTON CALVARY ACADEMY
DALLAS,DESOTO PRIVATE SCHOOL
VICTORIA,DEVEREUX - VICTORIA
GALVESTON,DEVEREUX SCHOOL
COLLIN,DISCOVERY DAYS
COLLIN,DISCOVERY MONTESSORI ACADEMY
MONTGOMERY,DISCOVERY SCHOOL OF INNOVATION
BEXAR,"DISCOVERY SCHOOL OF SAN ANTONIO, INC"
WILLIAMSON,DIVINE SAVIOR ACADEMY - SANTA RITA RANCH
FORT BEND,DIVINE SAVIOR ACADEMY - SIENNA PLANTATION
TARRANT,DR. R. W. GOINES STEM ACADEMY
HARRIS,DUCHESNE ACADEMY OF THE SACRED HEART
TARRANT,EA YOUNG ACADEMY
MCLENNAN,EAGLE CHRISTIAN ACADEMY
BRAZORIA,EAGLE HEIGHTS CHRISTIAN ACADEMY
DALLAS,EASTRIDGE CHRISTIAN SCHOOL
DALLAS,EASTSIDE CHILD DEVELOPMENT CENTER
POLK,EASTSIDE CHRISTIAN SCHOOL
MAVERICK,EDEN LEARNING CENTER LLC.
JACKSON,EDNA CHRISTIAN ACADEMY
EL PASO,EL PASO ADVENTIST JUNIOR ACADEMY
EL PASO,EL PASO BRIDGES ACADEMY
EL PASO,EL PASO COUNTRY DAY SCHOOL
HARRIS,ELIM CHRISTIAN SCHOOL
GONZALES,EMMANUEL CHRISTIAN SCHOOL
HARRIS,EPIPHANY LUTHERAN SCHOOL
KLEBERG,EPIPHANY MONTESSORI SCHOOL
HARRIS,EPIPHANY OF THE LORD CATHOLIC SCHOOL
CAMERON,EPISCOPAL DAY SCHOOL
HARRIS,EPISCOPAL HIGH SCHOOL
DALLAS,EPISCOPAL SCHOOL OF DALLAS PK-12
TRAVIS,ESCUELA HISPANOAMERICANA DE TEXAS
EL PASO,ESCUELA MONTESSORI DEL VALLE
MONTGOMERY,ESPRIT INTERNATIONAL SCHOOL
HARRIS,ETERNITY CHRISTIAN SCHOOL
FORT BEND,EVEREST ACADEMY
FORT BEND,EXCEL ADVENTIST ACADEMY
BEXAR,EXCELLED MONTESSORI PLUS
BELL,EXCELLENT COVENANT CHRISTIAN ACADEMY
DENTON,EXPLORATIONS PREPARATORY SCHOOL
DALLAS,FAIRHILL SCHOOL
VICTORIA,FAITH ACADEMY
VICTORIA,FAITH ACADEMY
BURNET,FAITH ACADEMY OF MARBLE FALLS
HARRIS,FAITH CHRISTIAN ACADEMY
WHARTON,FAITH CHRISTIAN ACADEMY
DENTON,FAITH LUTHERAN DAY SCHOOL
HARRIS,FAITH LUTHERAN DAY SCHOOL
FAYETTE,FAITH LUTHERAN HIGH SCHOOL OF CENTRAL TEXAS
FORT BEND,FAITH SCHOOL FOR YOUNG CHILDREN
HARRIS,FAITH WEST ACADEMY
EL PASO,FATHER YERMO  SCHOOLS
EL PASO,FATHER YERMO SCHOOLS
FORT BEND,FELLOWSHIP CHRISTIAN ACADEMY
ELLIS,FERRIS CHRISTIAN ACADEMY
TARRANT,FIELDER ROAD EARLY CHILDHOOD CENTER
DALLAS,FIREWHEEL CHRISTIAN ACADEMY
HARDIN,FIRST BAPTIST ACADEMY
HARRIS,FIRST BAPTIST ACADEMY
DALLAS,FIRST BAPTIST ACADEMY DALLAS
DALLAS,FIRST BAPTIST ACADEMY OF DALLAS
BEXAR,FIRST BAPTIST ACADEMY OF UNIVERSAL CITY
MIDLAND,FIRST BAPTIST CHILD DEVELOPMENT CENTER
HARRIS,FIRST BAPTIST CHRISTIAN ACADEMY
HILL,FIRST BAPTIST CHRISTIAN S HILLSBORO
HILL,FIRST BAPTIST CHRISTIAN SCHOOL
JASPER,FIRST BAPTIST CHRISTIAN SCHOOL
TARRANT,FIRST BAPTIST CHRISTIAN SCHOOL
BURNET,FIRST BAPTIST CHRISTIAN SCHOOL MARBLE FALLS
BEE,FIRST BAPTIST CHURCH SCHOOL
WASHINGTON,FIRST BAPTIST CHURCH SCHOOL
WILLIAMSON,FIRST BAPTIST CHURCH WEEKDAY EDUCATION
BOWIE,FIRST BAPTIST CHURCH WEEKDAY PRESCHOOL AND KINDER
COLLIN,FIRST BAPTIST LEARNING CENTER
LAMPASAS,FIRST BAPTIST PRESCHOOL & KINDERGARTEN
BURLESON,FIRST BAPTIST SCHOOL
CAMERON,FIRST BAPTIST SCHOOL
ELLIS,FIRST CHRISTIAN DAY SCHOOL
HARRIS,FIRST CHRISTIAN SCHOOL
HARRIS,FIRST CLASS CHILD DEVELOPMENT CENTER
FORT BEND,FIRST COLONY MONTESSORI SOUTH
TARRANT,FIRST FAITH PRESCHOOL & KINDERGARTEN
DALLAS,FIRST METHODIST SCHOOL
KAUFMAN,FIRST PRESBYTERIAN CHURCH KINDERGARTEN
EL PASO,FIRST PRESBYTERIAN PRESCHOOL
COMAL,FIRST PROTESTANT CHURCH SCHOOL
HARRIS,FIRST STEPS MONTESSORI SCHOOL
HARRIS,FIVE STAR MONTESSORI SCHOOL
TARRANT,FLINT ACADEMY
EL PASO,FLYING COLORS LEARNING CENTER #3
EL PASO,FLYING COLORS LEARNING CENTER NO 3
FORT BEND,FORT BEND MONTESSORI SCHOOL
TARRANT,FORT WORTH ACADEMY
TARRANT,FORT WORTH CHRISTIAN SCHOOL
TARRANT,FORT WORTH COUNTRY DAY
TARRANT,FORT WORTH SAVE OUR CHILDREN
WILLIAMSON,FORTIS ACADEMY
BRAZORIA,FOUNDATION PREPARATORY ACADEMY
HARRIS,FOUNDERS CHRISTIAN SCHOOL
TRAVIS,FOUR SEASONS COMMUNITY SCHOOL
HARRIS,FRASSATI CATHOLIC HIGH SCHOOL
COLLIN,FRISCO MONTESSORI ACADEMY
TARRANT,FT WORTH ADVENTIST JR ACADEMY
RUSK,FULL ARMOR CHRISTIAN ACADEMY
BEXAR,FUSION ACADEMY
TRAVIS,FUSION ACADEMY AUS: AUSTIN
HARRIS,FUSION ACADEMY HS1: HOUSTON GALLERIA
TARRANT,FUSION ACADEMY SLK: SOUTHLAKE
FORT BEND,FUSION ACADEMY SUG: SUGAR LAND
DALLAS,GARLAND CHRISTIAN ACADEMY
DALLAS,GARLAND CHRISTIAN ADVENTIST SCHOOL
BEXAR,GATEWAY CHRISTIAN SCHOOL
COLLIN,GEM EXPRESS PRESCHOOL & KINDERGARTEN
HARRIS,GENESIS CHRISTIAN SCHOOL
KENDALL,GENEVA SCHOOL OF BOERNE
DALLAS,GERMAN INTERNATIONAL SCHOOL OF DALLAS
COMAL,GLORIA DEO ACADEMY
FORT BEND,GODDARD SCHOOL LONG MEADOW FARM
DALLAS,GOOD SHEPHERD EPISCOPAL SCHOOL
HARRIS,GOOD SHEPHERD EPISCOPAL SCHOOL
TRAVIS,GOOD SHEPHERD EPISCOPAL SCHOOL
BASTROP,GOOD SHEPHERD LUTHERAN SCHOOL
DALLAS,GOOD SHEPHERD SCHOOL
SMITH,GOOD SHEPHERD SCHOOL
HARRIS,GOSWAMI ACADEMY
HARRIS,GOUDEAU ACCELERATED PREPARATORY ACADEMY
DALLAS,GRACE ACADEMY OF DALLAS
WILLIAMSON,GRACE ACADEMY OF GEORGETOWN
HARRIS,GRACE CHRISTIAN ACADEMY
SMITH,GRACE COMMUNITY SCHOOL
COLLIN,GRACE COVENANT ACADEMY-FRISCO
WILLIAMSON,GRACE EPISCOPAL SCHOOL
MIDLAND,GRACE LUTHERAN EARLY CHILDHOOD PROGRAM
BELL,GRACE LUTHERAN SCHOOL
WASHINGTON,GRACE LUTHERAN SCHOOL
TARRANT,GRACE PREPARATORY ACADEMY
COMAL,GRACE PREPARATORY ACADEMY OF NEW BRAUNFELS
HARRIS,GRACE SCHOOL
NUECES,GRACE TEMPLE CHRISTIAN ACADEMY
MEDINA,GRACEDAY VILLAGE SCHOOL II
HARRIS,GRAND OAK ACADEMY
GRAYSON,GRAYSON CHRISTIAN SCHOOL
COLLIN,GREAT LAKES ACADEMY
TRAVIS,GREAT MINDS LEARNING COMMUNITY
HARRIS,GREAT OAK SCHOOL
TRAVIS,GREATER CALVARY ACADEMY
BELL,GREATER LOVE LEARNING ACADEMY LLC
TARRANT,GREEN OAKS SCHOOL
HARRIS,GREENGATE ACADEMY INC
DALLAS,GREENHILL SCHOOL
HUNT,GREENVILLE CHRISTIAN SCHOOL
MONTGOMERY,GREYSTONE HOUSE MONTESSORI
TRAVIS,GRIFFIN SCHOOL
HARRIS,GROWING SCHOLARS MONTESSORI SCHOOL
CAMERON,GUADALUPE REGIONAL MIDDLE SCHOOL
WILLIAMSON,GUIDEPOST  MONTESSORI SCHOOL AT BRUSHY CREEK
HARRIS,GUIDEPOST MONESSORI AT KATY
COLLIN,GUIDEPOST MONTESSORI AT ELDORADO
DENTON,GUIDEPOST MONTESSORI TIMBER RIDGE
HARRIS,HARBOR CHRISTIAN ACADEMY
TRAVIS,HARBOR LEADERSHIP ACADEMY
TARRANT,HARVEST CHRISTIAN ACADEMY
TRAVIS,HAWTHORNE MONTESSORI SCHOOL
TRAVIS,HEADWATERS SCHOOL
BEXAR,HEALY-MURPHY CENTER
ROCKWALL,HERITAGE CHRISTIAN ACADEMY
TARRANT,HERITAGE CHRISTIAN ACADEMY
ROCKWALL,HERITAGE CHRISTIAN ACADEMY ROCKWALL
COLLIN,HERITAGE MONTESSORI OF MURPHY
GILLESPIE,HERITAGE SCHOOL
DALLAS,HIGHER HEIGHTS PRIVATE SCHOOL
DALLAS,HIGHLAND PARK PRESBYTERIAN DAY SCHOOL
DALLAS,HIGHLANDER SCHOOL
WILLIAMSON,HILL COUNTRY CHRISTIAN SCHOOL OF AUSTIN
KENDALL,HILL COUNTRY MONTESSORI SCHOOL
TARRANT,HILL SCHOOL OF FORT WORTH
MIDLAND,HILLANDER SCHOOL
MIDLAND,HILLCREST SCHOOL
BRAZORIA,HOLY COMFORTER DAY SCHOOL
DENTON,HOLY COVENANT EARLY CHILDHOOD DEVELOPMENT PROGRAM
RANDALL,HOLY CROSS CATHOLIC ACADEMY
MIDLAND,HOLY CROSS CATHOLIC HIGH SCHOOL
JOHNSON,HOLY CROSS CHRISTIAN ACADEMY
MATAGORDA,HOLY CROSS SCHOOL - BAY CITY
DALLAS,HOLY FAMILY CATHOLIC ACADEMY
GALVESTON,HOLY FAMILY CATHOLIC SCHOOL
TARRANT,HOLY FAMILY CATHOLIC SCHOOL
WILLIAMSON,HOLY FAMILY CATHOLIC SCHOOL
HARRIS,HOLY GHOST CATHOLIC SCHOOL
BEXAR,HOLY NAME CATHOLIC SCHOOL
FORT BEND,HOLY ROSARY CATHOLIC SCHOOL
BEXAR,HOLY SPIRIT CATHOLIC SCHOOL
HARRIS,HOLY SPIRIT EPISCOPAL SCHOOL - HOUSTON
DALLAS,HOLY TRINITY ACADEMY
BELL,HOLY TRINITY CATHOLIC HIGH SCHOOL
DALLAS,HOLY TRINITY CATHOLIC SCHOOL
TARRANT,HOLY TRINITY CATHOLIC SCHOOL
HARRIS,HOLY TRINITY EPISCOPAL SCHOOL OF GREATER HOUSTON
HARRIS,HOLY TRINITY UMC DAY SCHOOL/DAYCARE
TRAVIS,HOPE CHILDREN'S CENTER
BLANCO,HOPE SCHOOL
HARRIS,HOUSTON ADVENTIST ACADMEY
HARRIS,HOUSTON CHRISTIAN HIGH SCHOOL
HARRIS,HOUSTON PEACE ACADEMY
HARRIS,HOUSTON QURAN ACADEMY
HARRIS,HUA XIA CHINESE SCHOOL
HARRIS,HUMBLE CHRISTIAN SCHOOL
TRAVIS,HUNTINGTON-SURREY HIGH SCHOOL
TRAVIS,HYDE PARK MONTESSORI
TRAVIS,HYDE PARK SCHOOL
TRAVIS,HYDE PARK SCHOOLS
DALLAS,I A N T QURANIC ACADEMY
HARRIS,ILM ACADEMY
DENTON,IMMACULATE CONCEPTION CATHOLIC SCHOOL
DALLAS,IMMACULATE CONCEPTION SCHOOL
EL PASO,IMMANUEL CHRISTIAN SCHOOL
HIDALGO,IMMANUEL LUTHERAN SCHOOL
LEE,IMMANUEL LUTHERAN SCHOOL
BEXAR,IMMERSION MONTESSORI ACADEMY
CAMERON,IN THE PRESENCE OF GOD CORAM DEO CLASSICAL ACADEMY
HARRIS,INCARNATE WORD ACADEMY
NUECES,INCARNATE WORD ACADEMY-ELEM LEVEL
BEXAR,INCARNATE WORD HIGH SCHOOL
TRAVIS,INTERNATIONAL SCHOOL OF TEXAS
SMITH,ISLAMIC FAITH ACADEMY
DALLAS,ISLAMIC SCHOOL OF IRVING
HARRIS,JAPANESE EDUCATIONAL INSTITUTE
MARION,JEFFERSON CHRISTIAN ACADEMY
DALLAS,JESUIT COLLEGE PREP SCHOOL
EL PASO,JESUS CHAPEL SCHOOL
NUECES,JEWISH COMMUNITY PRESCHOOL
COMAL,JOHN PAUL II CATHOLIC HIGH SCHOOL
WEBB,JOHNSONS DAYCARE AND LEARNING CENTER
TRAVIS,JORDAN INTERNATIONAL MONTESSORI SCHOOL
MONTGOMERY,JOSHUA 1:9 LEARNING CENTER
JOHNSON,JOSHUA ADVENTIST MULTIGRADE SCHOOL
JOHNSON,JOSHUA CHRISTIAN ACADEMY
WILLIAMSON,JOY PARK MONTESSORI EDUCATION CHILDREN'S HOUSE
TOM GREEN,JOY SCHOOL
MONTGOMERY,JOYFUL SOUND CHRISTIAN ACADEMY
HIDALGO,JUAN DIEGO ACADEMY
HARRIS,KARDIA CHRISTIAN ACADEMY
HARRIS,KATY ADVENTIST CHRISTIAN SCHOOL
HARRIS,KATY GT ACADEMY
HARRIS,KATY MONTESSORI SCHOOL
KAUFMAN,KAUFMAN CHRISTIAN SCHOOL
TAYLOR,KENLEY SCHOOL
CAMERON,KENMONT MONTESSORI SCHOOL
BEXAR,KEYSTONE SCHOOL
FORT BEND,KIDDIE ACADEMY OF MISSOURI CITY TEXAS
ECTOR,KIDDIE KOLLEGE PRESCHOOL
DALLAS,KIDS DISCOVERY ACADEMY INC.
CHEROKEE,KIDS FIRST CHRISTIAN ACADEMY
COLLIN,KIDS LEARNING CENTER
HIDALGO,KIDS LEARNING CENTER
FORT BEND,KIDS R KIDS #12 TX
FORT BEND,KIDS R KIDS #46 TX
DENTON,KIDS R KIDS #58
FORT BEND,KIDS R KIDS NO. 25 SUGARLAND
BEXAR,KIDS R KIDS NO. 57 LIBERTY FIELD
FORT BEND,KIDS R KIDS SUGAR LAND #25 TX
HIDALGO,KIDS VILLAGE MONTESSORI LRNNG
BELL,KILLEEN ADVENTIST JUNIOR ACADEMY
DENTON,KING ARTHUR MONTESSORI ACADEMY
HARRIS,KING'S ACADEMY
SMITH,KING'S ACADEMY CHRISTIAN SCHOOL
DALLAS,KINGDOM COLLEGIATE ACADEMIES
COLLIN,KINGDOM COUNTRY ACADEMY
LUBBOCK,KINGDOM PREPARATORY ACADEMY
HARRIS,KINGWOOD MONTESSORI SCHOOL
DALLAS,KINWEST MONTESSORI ACADEMY
TRAVIS,KIRBY HALL SCHOOL
HARRIS,KLEIN WEEKDAY MINISTRIES
FORT BEND,KNILE CENTER LLC
DENTON,KNOWLEDGE SEEKERS CHRISTIAN SCHOOL
DENTON,KOAN SCHOOL
HARRIS,LA MATERNELLE FRENCH ACADEMY
SMITH,LAEL CHRISTIAN ACADEMY
CAMERON,LAGUNA MADRE CHRISTIAN ACADEMY
MONTGOMERY,LAKE CONROE CHRISTIAN ACADEMY
TARRANT,LAKE COUNTRY CHRISTIAN SCHOOL
HOOD,LAKE GRANBURY MONTESSORI ACADEMY
WILLIAMSON,LAKE TRAVIS STEM ACADEMY
DALLAS,LAKEHILL PREPARATORY SCHOOL
DENTON,LAKELAND CHRISTIAN ACADEMY
LUBBOCK,LAKERIDGE LITTLERIDGE PRESCHOOL
DENTON,LAKESIDE MONTESSORI ACADEMY LLC
FORT BEND,LAKEVIEW MONTESSORI ON THE HILL
DALLAS,LAKEWOOD MONTESSORI SCHOOL
HARRIS,LAKEWOOD MONTESSORI SCHOOL
HIDALGO,LAVALETTE INTERNATIONAL MONTESSORI INSTITUTE LLC
BEXAR,LEAF SPRING SCHOOL AT SONTERRA
COMAL,LEARNING THEIR WAY
LUBBOCK,LEARNING TREE CHILDRENS ACADEMY
DENTON,LEGACY CHRISTIAN ACADEMY
TARRANT,LEGACY CLASSICAL CHRISTIAN ACADEMY
BEXAR,LEON VALLEY CHRISTIAN ACADEMY
HOCKLEY,LEVELLAND CHRISTIAN SCHOOL
DENTON,LEWISVILLE CHRISTIAN SCHOOL
DENTON,LIBERTY CHRISTIAN SCHOOL
EL PASO,LIFE CENTER CHRISTIAN ACADEMY
HARRIS,LIFE LUTHERAN SCHOOL
GUADALUPE,LIFEGATE CHRISTIAN SCHOOL
MONTGOMERY,LIFESTYLE CHRISTIAN SCHOOL
BEXAR,LITTLE LIONS LEARNING ACADEMY
HARRIS,LITTLE WONDERS OF BAYBROOK BAPTIST
MCLENNAN,LIVE OAK CLASSICAL SCHOOL
COMAL,LIVING ROCK ACADEMY
BRAZORIA,LIVING STONES CHRISTIAN SCHOOL
FORT BEND,LIVING WATER CHRISTIAN SCHOOL
POLK,LIVINGSTON MONTESSORI SCHOOL
LLANO,LLANO CHRISTIAN ACADEMY
CALDWELL,LOCKHART MONTESSORI SCHOOL
FORT BEND,LOGOS PREPARATORY SCHOOL
TRAVIS,LONG-VIEW MICRO SCHOOL
GREGG,LONGVIEW CHRISTIAN ACADEMY
GREGG,LONGVIEW CHRISTIAN SCHOOL
EL PASO,LORETTO ACADEMY
TRAVIS,LOS AMIGUITOS
LUBBOCK,LUBBOCK CHRISTIAN SCHOOL
COLLIN,LUCAS CHRISTIAN ACADEMY
TRAVIS,LUPINE LANE
HARRIS,LUTHERAN HIGH NORTH
BEXAR,LUTHERAN HIGH SCHOOL OF SAN ANTONIO
HARRIS,LYCEE INTERNATIONAL DE HOUSTON
EL PASO,LYDIA PATTERSON INSTITUTE
HARRIS,M.O.M. EARLY CHILDHOOD CHRISTIAN ACADEMY
BEXAR,MAC ARTHUR PARK LUTHERAN SCHOOL
HIDALGO,MACEDONIAN CHRISTIAN ACADEMY
HARRIS,MARIAN HIGH SCHOOL (NTI CAREER INSTITUTE)
ROCKWALL,MARIGOLD LEARNING ACADEMY
TRAVIS,MARIMONT MONTESSORI SCHOOL INC
CAMERON,MARINE MILITARY ACADEMY
HARRIS,MARINER MONTESSORI
TRAVIS,MARIPOSA MONTESSORI SCHOOL
HARRISON,MARSHALL CHRISTIAN ACADEMY
BEXAR,MARVELOUSLY MADE - THE SCHOOL FOR YOUNG CHILDREN
WEBB,MARY HELP OF CHRISTIANS SCHOOL
DALLAS,MARY IMMACULATE CATHOLIC SCHOOL
NUECES,MASTERPIECE BILINGUAL ACADEMY
DALLAS,MEADOWBROOK SCHOOL
HARRIS,MELINDA WEBB SCHOOL
BELL,MEMORIAL CHRISTIAN ACADEMY
HARRIS,MEMORIAL HALL SCHOOL
HARRIS,MEMORIAL LUTHERAN SCHOOL
FORT BEND,MEMORIAL MONTESSORI SCHOOL
GAINES,MENNONITE SCHOOL WESTSIDE
TARRANT,MERRYHILL SCHOOL
DALLAS,MESORAH HIGH SCHOOL FOR GIRLS
DALLAS,MESQUITE BAPTIST ACADEMY
TARRANT,MESSIAH LUTHERAN CLASSICAL ACADEMY
COLLIN,MESSIAH LUTHERAN LAMBS EARLY CHILDHOOD SCHOOL
BEXAR,MESSIAHS KIDS PRESCHOOL
BRAZORIA,METHODIST CHILDRENS PROGRAM
MONTGOMERY,METHODIST DAY SCHOOL
VICTORIA,METHODIST DAY SCHOOL
HIDALGO,MID VALLEY CHRISTIAN SCHOOL
TARRANT,MIDCITIES MONTESSORI
MIDLAND,MIDLAND CHRISTIAN SCHOOL
MIDLAND,MIDLAND MONTESSORI SCHOOL
HARRIS,MIRUS ACADEMY
TARRANT,MISS ENDY'S CHRISTIAN ACADEMY
HARRIS,MOLO BILINGUAL MONTESSORI SCHOOL
DALLAS,MOMENTOUS SCHOOL
DALLAS,MONA MONTESSORI ACADEMY
JEFFERSON,MONSIGNOR KELLY CATHOLIC SCHOOL
GRAYSON,MONTESSORI ACADEMY OF NORTH TEXAS
TARRANT,MONTESSORI AT THE COURTYARD
BEXAR,MONTESSORI CHILDREN'S HOUSE
DALLAS,MONTESSORI CHILDREN'S HOUSE & SCHOOL
DENTON,MONTESSORI COUNTRY DAY SCHOOL
DENTON,MONTESSORI EPISCOPAL SCHOOL
FORT BEND,MONTESSORI HOUSE FOR CHILDREN
EL PASO,MONTESSORI LEARNING CENTER
HARRIS,MONTESSORI LEARNING COTTAGE
HARRIS,MONTESSORI LEARNING INSTITUTE
ECTOR,MONTESSORI MASTERY SCHOOL OF ODESSA
HARRIS,MONTESSORI PRESCHOOL AT COPPERFIELD
CAMERON,MONTESSORI SCHOOL
BEXAR,MONTESSORI SCHOOL INTERNATIONAL
BRAZORIA,MONTESSORI SCHOOL OF DOWNTOWN
HARRIS,MONTESSORI SCHOOL OF DOWNTOWN
BRAZORIA,MONTESSORI SCHOOL OF DOWNTOWN SILVERLAKE
TARRANT,MONTESSORI SCHOOL OF FORT WORTH
FORT BEND,MONTESSORI SCHOOL OF SUGAR LAND SIENNA
TARRANT,MONTESSORI SCHOOL ON CAMP BOWIE
BELL,MONTESSORI SCHOOLS OF CENTRAL TEXAS(TEMPLE CAMPUS)
MONTGOMERY,MONTESSORI VILLA-THE WOODLANDS
HARRIS,MONTESSORI-LONGWOOD
MONTGOMERY,MONTGOMERY CHRISTIAN ACADEMY
FANNIN,MORNING STAR ACADEMY
TARRANT,MOSAIC ACADEMY
EL PASO,MOST HOLY TRINITY SCHOOL
NUECES,MOST PRECIOUS BLOOD CATHOLIC SCHOOL
DALLAS,MOUNT HEBRON CHRISTIAN ACADEMY
BEXAR,MOUNT SACRED HEART SCHOOL
DALLAS,MOUNT ST MICHAEL CATHOLIC SCHOOL
EL PASO,MOUNTAIN WEST MONTESSORI
LUBBOCK,MRS. OS AT AGAPE
TITUS,MT PLEASANT CHRISTIAN SCHOOL
WEBB,MUNDO MONTESSORI
TARRANT,MY DREAMS ACADEMY
TARRANT,NAZARENE CHRISTIAN ACADEMY
HOWARD,NAZARENE CHRISTIAN ACADEMY BIG SPRING
VICTORIA,NAZARETH ACADEMY CATHOLIC SCHOOL
COMAL,NEW BRAUNFELS CHRISTIAN ACADEMY
DALLAS,NEW CENTURY MONTESSORI ACADEMY
COLLIN,NEW HOPE CHRISTIAN ACADEMY
DALLAS,NEW LIFE CHRISTIAN ACADEMY
BEXAR,NEW LIFE CHRISTIAN ACADEMY HYBRID
EL PASO,NEW LIFE CHRISTIAN ACADEMY OF EL PASO INC.
GREGG,NEW LIFE CHRISTIAN SCHOOL
FORT BEND,NEW TERRITORY MONTESSORI SCHOOL
DALLAS,NEW WORLD UNITED METHODIST DCC
BEXAR,NOBIS PACEM
TARRANT,NOLAN CATHOLIC HIGH SCHOOL
SOMERVELL,NORTH CENTRAL TEXAS ACADEMY
COLLIN,NORTH DALLAS ADVENTIST ACADEMY
TARRANT,NORTH PARK CHRISTIAN ACADEMY
EL PASO,NORTHEAST CHRISTIAN ACADEMY
VICTORIA,NORTHSIDE BAPTIST SCHOOL
PANOLA,NORTHSIDE CHRISTIAN ACADEMY
TARRANT,NORTHSTAR SCHOOL
BEXAR,NORTHWEST HILLS CHRISTIAN SCHOOL
TRAVIS,"NORTHWEST MONTESSORI HOUSE, INC"
HARRIS,NORTHWOOD MONTESSORI SCHOOL
KERR,NOTRE DAME CATHOLIC SCHOOL
DALLAS,NOTRE DAME SCHOOL
GALVESTON,O'CONNELL COLLEGE PREPARATORY SCHOOL
COLLIN,OAK BROOK SCHOOL ALLEN
DALLAS,OAK CREST PRIVATE SCHOOL
HARRIS,OAK FOREST ACADEMY LLC
GREGG,OAK FOREST MONTESSORI SCHOOL
DALLAS,OAK HILL ACADEMY
BEXAR,OAK ISLAND ACADEMY
SMITH,OAK TREE ACADEMY
BRAZOS,OAKWELL ACADEMY
ECTOR,ODESSA CHRISTIAN SCHOOL
TRAVIS,ODYSSEY SCHOOL
BEXAR,ONE SCHOOL GLOBAL
YOUNG,OPEN DOOR CHRISTIAN SCHOOL
MIDLAND,ORION HIGH SCHOOL
GALVESTON,OUR LADY OF FATIMA CATHOLIC SCHOOL
ATASCOSA,OUR LADY OF GRACE CATHOLIC SCHOOL
HARRIS,OUR LADY OF GUADALUPE SCHOOL
GALVESTON,OUR LADY OF LOURDES CATHOLIC SCHOOL
NUECES,OUR LADY OF PERPETUAL HELP ACADEMY
BEXAR,OUR LADY OF PERPETUAL HELP SCHOOL
DALLAS,OUR LADY OF PERPETUAL HELP SCHOOL
MAVERICK,OUR LADY OF REFUGE CATHOLIC SCHOOL
CALHOUN,OUR LADY OF THE GULF CATHOLIC SCHOOL
KERR,OUR LADY OF THE HILLS REG CATHOLIC HIGH SCHOOL
VICTORIA,OUR LADY OF VICTORY SCHOOL
BRAZORIA,OUR LADY QUEEN OF PEACE CATHOLIC SCHOOL
HARRIS,OUR REDEEMER LUTHERAN NORTH SCHOOL
DALLAS,OUR REDEEMER LUTHERAN SCHOOL
DALLAS,OUR REDEEMER LUTHERAN SCHOOL OF DALLAS
HARRIS,OUR SAVIOR LUTHERAN SCHOOL
ELLIS,OVILLA CHRISTIAN SCHOOL
EL PASO,PALM TREE ACADEMY
HAYS,PALOMA MONTESSORI SCHOOL
TARRANT,PANTEGO CHRISTIAN ACADEMY
TARRANT,PANTEGO CHRISTIAN ACADEMY  - ARLINGTON CAMPUS
HARRIS,PARADIGM DEVELOPMENT CENTER
TRAVIS,PARAGON PREPARATORY INC
DALLAS,PARISH EPISCOPAL SCHOOL
DALLAS,PARISH EPISCOPAL SCHOOL
TARRANT,PARK ROW CHRISTIAN ACADEMY
TRAVIS,PARKSIDE COMMUNITY SCHOOL
MCLENNAN,PARKVIEW CHRISTIAN ACADEMY
JOHNSON,PATHWAY CHRISTIAN ACADEMY
COLLIN,PATHWAY CHRISTIAN PREP ACADEMY
HAYS,PATHWAYS SCHOOL AT DSUMC
COLLIN,PEBBLECREEK MONTESSORI
HARRIS,PINES MONTESSORI SCHOOL
HARRIS,PINES PRESBYTERIAN PRESCHOOL
BEXAR,PINNACLE MONTESSORI
BEXAR,PINNACLE MONTESSORI ACADEMY OF ALAMO RANCH
COLLIN,PINNACLE MONTESSORI OF FRISCO
BANDERA,PIPE CREEK CHRISTIAN SCHOOL
HALE,PLAINVIEW CHRISTIAN ACADEMY
KAUFMAN,POETRY COMMUNITY CHRISTIAN SCHOOL
MONTGOMERY,PORTER CHRISTIAN ACADEMY
DENTON,PREMIER ACADEMY OF TROPHY CLUB
GREGG,PRESBYTERIAN CHILDRENS CENTER
VICTORIA,PRESBYTERIAN DAY SCHOOL
KLEBERG,PRESBYTERIAN PAN AMERICAN SCHOOL
HARRIS,PRESBYTERIAN SCHOOL
COLLIN,PRESTON ABC DAY SCHOOL
DALLAS,PRESTON HOLLOW PRESBYTERIAN SCHOOL
COLLIN,PRESTON MEADOWS MONTESSORI SCHOOL
DENTON,PRESTONWOOD CHRISTIAN ACADEMY
COLLIN,PRESTONWOOD CHRISTIAN ACADEMY OF PROSPER
COLLIN,PRESTONWOOD CHRISTIAN ACADEMY ONLINE
HARRIS,PRIMOSE SCHOOL OF ATASCOCITO
DALLAS,PRIMROSE  SCHOOL OF RICHARDSON
MONTGOMERY,PRIMROSE OF CONROE
DENTON,PRIMROSE OF FRISCO WEST
DALLAS,PRIMROSE OF PRESTONWOOD
HARRIS,PRIMROSE SCHOOL AT FALL CREEK
TARRANT,PRIMROSE SCHOOL AT HIDDEN LAKES
HARRIS,PRIMROSE SCHOOL AT SUMMERWOOD
WILLIAMSON,PRIMROSE SCHOOL AT VISTA RIDGE
FORT BEND,PRIMROSE SCHOOL AT WATERSIDE ESTATES
BEXAR,PRIMROSE SCHOOL OF ALAMO RANCH
HARRIS,PRIMROSE SCHOOL OF BARKER CYPRESS
TRAVIS,PRIMROSE SCHOOL OF BEE CAVE
COLLIN,PRIMROSE SCHOOL OF BRECKINRIDGE PARK
DENTON,PRIMROSE SCHOOL OF CASTLE HILLS
HARRIS,PRIMROSE SCHOOL OF CLEAR LAKE
BRAZOS,PRIMROSE SCHOOL OF COLLEGE STATION
TARRANT,PRIMROSE SCHOOL OF COLUMBUS TRAIL
DALLAS,PRIMROSE SCHOOL OF COPPELL
HARRIS,PRIMROSE SCHOOL OF COPPERFIELD
WILLIAMSON,PRIMROSE SCHOOL OF CRYSTAL FALLS
HAYS,PRIMROSE SCHOOL OF DRIPPING SPRINGS
HARRIS,PRIMROSE SCHOOL OF EAGLE SPRINGS
COLLIN,PRIMROSE SCHOOL OF EAST ALLEN
HARRIS,PRIMROSE SCHOOL OF ELDRIDGE PARKWAY
FORT BEND,PRIMROSE SCHOOL OF FIRST COLONY
DENTON,PRIMROSE SCHOOL OF FRISCO AT MAIN AND TEEL
TARRANT,PRIMROSE SCHOOL OF GRAPEVINE COLLEYVILLE
MONTGOMERY,PRIMROSE SCHOOL OF HARMONY
HARRIS,PRIMROSE SCHOOL OF KINGWOOD
COLLIN,PRIMROSE SCHOOL OF LAKEHILL
DALLAS,PRIMROSE SCHOOL OF LAS COLINAS
DALLAS,PRIMROSE SCHOOL OF N. RICHARDSON @ LOOKOUT
TARRANT,PRIMROSE SCHOOL OF PARKWOOD HILL
TRAVIS,PRIMROSE SCHOOL OF PFLUGERVILLE AT FALCON POINTE
COLLIN,PRIMROSE SCHOOL OF PRESTMONT
ROCKWALL,PRIMROSE SCHOOL OF ROCKWALL
WILLIAMSON,PRIMROSE SCHOOL OF ROUND ROCK
DALLAS,PRIMROSE SCHOOL OF ROWLETT
TRAVIS,PRIMROSE SCHOOL OF SHADY HOLLOW
COLLIN,PRIMROSE SCHOOL OF SOUTH PLANO
TRAVIS,PRIMROSE SCHOOL OF SOUTHWEST AUSTIN
HARRIS,PRIMROSE SCHOOL OF SPRING KLEIN
COLLIN,PRIMROSE SCHOOL OF STONE BROOKE
TARRANT,PRIMROSE SCHOOL OF THE MID-CITIES
HARRIS,PRIMROSE SCHOOL OF THE WOODLANDS AT CREEKSIDE PARK
MONTGOMERY,PRIMROSE SCHOOL OF THE WOODLANDS AT HUGHES LANDING
MONTGOMERY,PRIMROSE SCHOOL OF THE WOODLANDS AT STERLING RIDGE
COLLIN,PRIMROSE SCHOOL OF WEST ALLEN
FORT BEND,PRIMROSE SCHOOL OF WEST CINCO RANCH
BRAZORIA,PRIMROSE SCHOOL OF WEST PEARLAND
TARRANT,PRIMROSE SCHOOL OF WESTLAKE AT ENTRADA
COLLIN,PRIMROSE WEST PLANO
COLLIN,PRINCE OF PEACE CATHOLIC SCHOOL
COLLIN,PRINCE OF PEACE CHRISTIAN SCHOOL
SMITH,PROMISE ACADEMY
COLLIN,PROSPER MONTESSORI ACADEMY
BEXAR,PROVIDENCE CATHOLIC SCHOOL
HARRIS,PROVIDENCE CLASSICAL SCHOOL
BELL,PROVIDENCE PREPARATORY SCHOOL
BELL,PROVIDENCE PREPARATORY SCHOOL
HARRIS,PUEBLOS ROYAL CHRISTIAN SCHOOL
DALLAS,QALAM COLLEGIATE ACADEMY
HARRIS,QUBA ACADEMY
HARRIS,QUBA ACADEMY
EL PASO,RADFORD SCHOOL
DALLAS,RADIANT STEM ACADEMY
HARRIS,RAINARD SCHOOL
TRAVIS,RAWSON-SAUNDERS-AUSTIN AREA SCHOOL FOR DYSLEXICS
TARRANT,READING FRIENDS
COLLIN,RED COMET
EASTLAND,REDEEMER CHILDHOOD LEARNING CENTER
MAVERICK,REDEEMER EPISCOPAL SCHOOL
TRAVIS,REDEEMER LUTHERAN SCHOOL
DALLAS,REDEEMER MONTESSORI SCHOOL
HARRIS,REDEEMERS LEARNING CENTER
HARRIS,REDROSE MONTESSORI SCHOOL
NACOGDOCHES,REGENTS ACADEMY
TRAVIS,REGENTS SCHOOL OF AUSTIN
MCLENNAN,REICHER CATHOLIC HIGH SCHOOL
TRAVIS,RENAISSANCE ACADEMY
COLLIN,RENAISSANCE SCHOOL
MILAM,RESOLUTION RANCH ACADEMY
HARRIS,RESURRECTION LUTHERAN EARLY LEARNING CENTER
BEXAR,RIVER CITY BELIEVERS ACADEMY
HARRIS,RIVER OAKS ACADEMY
HARRIS,RIVER OAKS BAPTIST SCHOOL
FORT BEND,RIVERBEND MONTESSORI SCHOOL
FORT BEND,RIVERSTONE MONTESSORI  LLC
TARRANT,RIVERTREE ACADEMY
HARRIS,ROBINDELL PRIVATE SCHOOL
DALLAS,ROCKBROOK MONTESSORI ACADEMY AT VALLEY RANCH
HARRIS,ROSEHILL CHRISTIAN SCHOOL
WILLIAMSON,ROUND ROCK CHRISTIAN ACADEMY
HOWARD,RUNNELS ACADEMY
COOKE,SACRED HEART CATHOLIC SCHOOL
HARRIS,SACRED HEART CATHOLIC SCHOOL
LAVACA,SACRED HEART CATHOLIC SCHOOL
MONTGOMERY,SACRED HEART CATHOLIC SCHOOL
VAL VERDE,SACRED HEART CATHOLIC SCHOOL
UVALDE,SACRED HEART PARISH SCHOOL
FAYETTE,SACRED HEART SCHOOL
WILSON,SACRED HEART SCHOOL
ARANSAS,SACRED HEART SCHOOL ROCKPORT
HARRIS,SAFARI KIDS LEARNING CENTER
DALLAS,SALAM ACADEMY
BEXAR,SALEM SAYERS BAPTIST ACADEMY
TOM GREEN,SAN ANGELO CHRISTIAN ACADEMY
BEXAR,SAN ANTONIO COUNTRY DAY MONTESSORI SCHOOL
HARRIS,SAN FRANCISCO NATIVITY ACADEMY
POTTER,SAN JACINTO CHRISTIAN ACADEMY
TRAVIS,SAN JUAN DIEGO CATHOLIC HIGH SCHOOL
HAYS,SAN MARCOS BAPTIST ACADEMY
HIDALGO,SAN MARTIN DE PORRES CATHOLIC SCHOOL
HIDALGO,SANCTUARY ACADEMY OF THE REGIONAL BIBLE INSTITUTE
DALLAS,SANTA CLARA OF ASSISI CATHOLIC ACADEMY
WILLIAMSON,SAPIENTIA MONTESSORI SCHOOL
GALVESTON,SATORI SCHOOL
BEXAR,SCENIC HILLS CHRISTIAN ACADEMY
GREGG,SCHOOL FOR LITTLE CHILDREN
TRAVIS,SCHOOL IN THE HILLS
HARRIS,SCHOOL OF THE WOODS
DALLAS,SCOFIELD CHRISTIAN SCHOOL
HARRIS,SECOND BAPTIST SCHOOL
GUADALUPE,SEGUIN CHRISTIAN ACADEMY
GAINES,SEMINOLE MENNONITE SCHOOL
COLLIN,SEVENSTAR ACADEMY
HARRIS,SHADY ACRES CHRISTIAN SCHOOL
FORT BEND,SHADY OAK CHRISTIAN SCHOOL
FORT BEND,SHADY OAK PRIMARY SCHOOL
LUBBOCK,SHARP ACADEMY
COLLIN,SHELTON SCHOOL
BEXAR,SHEPHERD OF THE HILLS LUTHERAN SCHOOL
HARRIS,SHERWOOD FOREST MONTESSORI SCHOOL
EL PASO,SHILOH CHRISTIAN ACADEMY
LAVACA,SHINER CATHOLIC SCHOOL
WILLIAMSON,SHINING STARS MONTESSORI LLC
TOM GREEN,SIERRA VISTA CHILD DEVELOPMENT CENTER
ERATH,SILVER SADDLE CHRISTIAN ACADEMY
BRAZORIA,SILVERLINE MONTESSORI - SILVERLAKE CAMPUS
BRAZORIA,SILVERLINE MONTESSORI SCHOOL - SHADOW CREEK
FORT BEND,SIMONTON CHRISTIAN ACADEMY
HARRIS,SMALL STEPS NURTURING CENTER - JENSEN
HARRIS,SMALLER SCHOLARS MONTESSORI
SCURRY,SNYDER CHRISTIAN SCHOOL
JEFFERSON,SOLID ROCK CHRISTIAN ACADEMY
NUECES,SOLID ROCK CHRISTIAN ACADEMY
MONTGOMERY,SON KIDS CHRISTIAN SCHOOL
GALVESTON,SOUTH SHORE MONTESSORI
HIDALGO,SOUTH TEXAS CHRISTIAN ACADEMY
LUBBOCK,SOUTHCREST CHRISTIAN SCHOOL
TARRANT,SOUTHLAKE EARLY CARE AND EDUCATION
FORT BEND,SOUTHMINSTER SCHOOL
DALLAS,SOUTHWEST ADVENTIST JUNIOR ACADEMY
TARRANT,SOUTHWEST CHRISTIAN SCHOOL
HARRIS,SOUTHWEST COMMUNITY CHRISTIAN ACADEMY
CALDWELL,SOUTHWEST TEXAS HIGH SCHOOL
COLLIN,SPANISH SCHOOLHOUSE
DALLAS,SPANISH SCHOOLHOUSE
FORT BEND,SPANISH SCHOOLHOUSE
HARRIS,SPANISH SCHOOLHOUSE
ROCKWALL,SPANISH SCHOOLHOUSE
TARRANT,SPANISH SCHOOLHOUSE
HARRIS,SPELL WELL MONTESSORI SCHOOL
HARRIS,SPRING BAPTIST ACADEMY
COLLIN,SPRING CREEK ACADEMY
HARRIS,SPRING WOODS CHRISTIAN ACADEMY
LUBBOCK,SPRINGBOARD ACADEMICS
DENTON,SPRINGBOK ACADEMY
DALLAS,SPRINGHILL MONTESSORI SCHOOL
COMAL,SS PETER & PAUL CATHOLIC SCHOOL
NUECES,SS. CYRIL & METHODIUS CATHOLIC SCHOOL
HARRIS,ST AGNES ACADEMY COLLEGE PREPARATORY
CAMERON,ST ALBANS EPISCOPAL DAY SCHOOL
HARRIS,ST AMBROSE SCHOOL
TARRANT,ST ANDREW CATHOLIC
POTTER,ST ANDREW'S EPISCOPAL SCHOOL
TRAVIS,ST ANDREW'S EPISCOPAL SCHOOL
TRAVIS,ST ANDREWS EPISCOPAL SCHOOL
MIDLAND,ST ANN S SCHOOL
HARRIS,ST ANNE CATHOLIC SCHOOL
JEFFERSON,ST ANNE CATHOLIC SCHOOL
JEFFERSON,ST ANTHONY CATHEDRAL BASILICA SCHOOL
BEXAR,ST ANTHONY CATHOLIC HIGH SCHOOL
CAMERON,ST ANTHONY CATHOLIC SCHOOL
DEAF SMITH,ST ANTHONY CATHOLIC SCHOOL
HARTLEY,ST ANTHONY OF PADUA CATHOLIC SCHOOL
COLORADO,ST ANTHONY SCHOOL
NUECES,ST ANTHONY SCHOOL
TARRANT,ST AUGUSTIN CATHOLIC HIGH SCHOOL
HARRIS,ST AUGUSTINE CATHOLIC SCHOOL
WEBB,ST AUGUSTINE ELEMENTARY & MIDDLE SCHOOL
WEBB,ST AUGUSTINE HIGH SCHOOL
TRAVIS,ST AUSTIN CATHOLIC SCHOOL
DALLAS,ST BERNARD OF CLAIRVAUX SCHOOL
HARRIS,ST CATHERINE'S MONTESSORI
HARRIS,ST CECILIA CATHOLIC SCHOOL
ANGELINA,ST CYPRIAN'S EPISCOPAL SCHOOL
BEXAR,ST DAVIDS EPISCOPAL SCHOOL
WILLIAMSON,ST DOMINIC SAVIO CATHOLIC HIGH SCHOOL
HARRIS,ST EDWARD CATHOLIC SCHOOL
HARRIS,ST ELIZABETH ANN SETON SCHOOL
JIM WELLS,ST ELIZABETH CATHOLIC SCHOOL
DALLAS,ST ELIZABETH OF HUNGARY CATHOLIC SCHOOL
HARRIS,ST FRANCIS DE SALES SCHOOL
BELL,ST FRANCIS EPISCOPAL SCHOOL
HARRIS,ST FRANCIS EPISCOPAL SCHOOL
TRAVIS,ST FRANCIS SCHOOL
TRAVIS,ST GABRIEL'S CATHOLIC SCHOOL
TARRANT,ST GEORGE CATHOLIC SCHOOL
BEXAR,ST GEORGE EPISCOPAL SCHOOL
BEXAR,ST GERARD CATHOLIC SCHOOL
BEXAR,ST GREGORY THE GREAT CATHOLIC SCHOOL
BRAZORIA,ST HELEN CATHOLIC SCHOOL
WILLIAMSON,ST HELEN CATHOLIC SCHOOL
KENDALL,ST HELENAS EPISCOPAL SCHOOL
TARRANT,ST IGNATIUS COLLEGE PREP
HARRIS,ST IGNATIUS LOYOLA EARLY  CHILDHOOD CENTER
TRAVIS,ST IGNATIUS MARTYR  CATHOLIC SCHOOL
GUADALUPE,ST JAMES CATHOLIC SCHOOL
BOWIE,ST JAMES DAY SCHOOL
NUECES,ST JAMES EPISCOPAL SCHOOL
VAL VERDE,ST JAMES EPISCOPAL SCHOOL
DALLAS,ST JAMES EPISCOPAL SCHOOL OF DALLAS
BEXAR,ST JAMES THE APOSTLE SCHOOL
HARRIS,ST JEROME CATHOLIC SCHOOL
BEXAR,ST JOHN BERCHMANS SCHOOL
BEXAR,ST JOHN BOSCO SCHOOL
HAMILTON,ST JOHN LUTHERAN PRESCHOOL KINDER/BRIDGE
NUECES,ST JOHN PAUL II HIGH SCHOOL
TARRANT,ST JOHN THE APOSTLE CATHOLIC
HARRIS,ST JOHN XXIII COLLEGE PRREPARATORY
HIDALGO,ST JOHNS EPISCOPAL DAY SCHOOL
TAYLOR,ST JOHNS EPISCOPAL SCHOOL
CAMERON,ST JOSEPH ACADEMY
BELL,ST JOSEPH CATHOLIC ACADEMY
RANDALL,ST JOSEPH CATHOLIC ELEMENTARY & MONTESSOTIR SCHOOL
BRAZOS,ST JOSEPH CATHOLIC SCHOOL
DALLAS,ST JOSEPH CATHOLIC SCHOOL
ELLIS,ST JOSEPH CATHOLIC SCHOOL
HARRIS,ST JOSEPH CATHOLIC SCHOOL
HIDALGO,ST JOSEPH CATHOLIC SCHOOL
TARRANT,ST JOSEPH CATHOLIC SCHOOL
BRAZOS,ST JOSEPH CATHOLIC SCHOOL - ELEMENTARY CAMPUS
LAVACA,ST JOSEPH ELEMENTARY SCHOOL
VICTORIA,ST JOSEPH HIGH SCHOOL
MCLENNAN,ST LOUIS CATHOLIC SCHOOL
MEDINA,ST LOUIS CATHOLIC SCHOOL
TRAVIS,ST LOUIS CATHOLIC SCHOOL
BEXAR,ST LUKE CATHOLIC SCHOOL
LUBBOCK,ST LUKE'S PRESCHOOL
BEXAR,ST LUKES EPISCOPAL SCHOOL
HARRIS,ST MARK LUTHERAN SCHOOL
HARRIS,ST MARK'S EPISCOPAL SCHOOL
EL PASO,ST MARKS SCHOOL
HARRIS,ST MARTHA CATHOLIC SCHOOL
DENTON,ST MARTIN DE PORRES CATHOLIC SCHOOL
GALVESTON,ST MARY CATHOLIC SCHOOL
ORANGE,ST MARY CATHOLIC SCHOOL
HARRIS,ST MARY MAGDALENE SCHOOL
DALLAS,ST MARY OF CARMEL SCHOOL
HARRIS,ST MARY OF THE PURIFICATION CATHOLIC SCHOOL
GREGG,ST MARY S CATHOLIC SCHOOL
COOKE,ST MARY SCHOOL
CAMERON,ST MARY'S CATHOLIC SCHOOL
WILLIAMSON,ST MARY'S CATHOLIC SCHOOL
GILLESPIE,ST MARY'S ELEMENTARY SCHOOL
BEXAR,ST MARY'S HALL
POTTER,ST MARYS CATHEDRAL SCHOOL
BELL,ST MARYS CATHOLIC SCHOOL
GRAYSON,ST MARYS CATHOLIC SCHOOL
ECTOR,ST MARYS CENTRAL CATHOLIC SCHOOL
AUSTIN,ST MARYS EPISCOPAL DAY SCHOOL
MCLENNAN,ST MARYS SCHOOL
BEXAR,ST MATTHEW CATHOLIC SCHOOL
EL PASO,ST MATTHEW CATHOLIC SCHOOL
HIDALGO,ST MATTHEW'S EPISCOPAL SCHOOL
TRAVIS,ST MATTHEW'S EPISCOPAL SCHOOL
COLORADO,ST MICHAEL CATHOLIC SCHOOL
HARRIS,ST MICHAEL CATHOLIC SCHOOL - HOUSTON
TRAVIS,ST MICHAEL'S CATHOLIC ACADEMY
DEWITT,ST MICHAELS CATHOLIC SCHOOL
BEXAR,ST MONICA CATHOLIC SCHOOL
DALLAS,ST MONICA CATHOLIC SCHOOL
EL PASO,ST PATRICK CATHEDRAL SCHOOL
ANGELINA,ST PATRICK CATHOLIC SCHOOL
DALLAS,ST PATRICK CATHOLIC SCHOOL
NUECES,ST PATRICK SCHOOL
DALLAS,ST PAUL CATHOLIC CLASSICAL SCHOOL
COLLIN,ST PAUL CHRISTIAN SCHOOL
HIDALGO,ST PAUL LUTHERAN SCHOOL
MILAM,ST PAUL LUTHERAN SCHOOL
NUECES,ST PAUL LUTHERAN SCHOOL
TARRANT,ST PAUL LUTHERAN SCHOOL
WILBARGER,ST PAUL LUTHERAN SCHOOL
LEE,ST PAUL LUTHERAN SERBIN SCHOOL
BEXAR,ST PAUL'S EPISCOPAL MONTESSORI SCHOOL
TYLER,ST PAUL'S EPISCOPAL SCHOOL
TARRANT,ST PAUL'S PREPARATORY ACADEMY
HARRIS,ST PAUL'S SCHOOL
WASHINGTON,ST PAULS CHRISTIAN DAY SCHOOL
MCLENNAN,ST PAULS EPISCOPAL DAY SCHOOL
BEXAR,ST PAULS EPISCOPAL MONTESSORI SCHOOL
BEXAR,ST PETER PRINCE OF THE APOSTLES SCHOOL
TARRANT,ST PETER THE APOSTLE CATHOLIC CLASSICAL SCHOOL
TARRANT,ST PETER'S CLASSICAL SCHOOL
KERR,ST PETER'S EPISCOPAL SCHOOL
DALLAS,ST PHILIP & ST. AUGUSTINE CATHOLIC ACADEMY
WHARTON,ST PHILIP THE APOSTLE CATHOLIC SCHOOL
UVALDE,ST PHILIP'S EPISCOPAL SCHOOL
BEE,ST PHILIPS EPISCOPAL SCHOOL
DALLAS,ST PHILIPS SCHOOL & COMMUNITY CENTER
BEXAR,ST PIUS X CATHOLIC SCHOOL
DALLAS,ST PIUS X CATHOLIC SCHOOL
NUECES,ST PIUS X CATHOLIC SCHOOL
EL PASO,ST PIUS X GRADE SCHOOL
HARRIS,ST PIUS X HIGH SCHOOL
EL PASO,ST RAPHAEL SCHOOL
DALLAS,ST RITA CATHOLIC SCHOOL
TARRANT,ST RITA CATHOLIC SCHOOL
FAYETTE,ST ROSE OF LIMA CATHOLIC SCHOOL
HARRIS,ST ROSE OF LIMA CATHOLIC SCHOOL
HARRIS,ST STEPHEN'S EPISCOPAL SCHOOL
TRAVIS,ST STEPHENS EPISCOPAL SCHOOL
FORT BEND,ST THERESA CATHOLIC SCHOOL-SUGAR LAND
TRAVIS,ST THERESAS CATHOLIC SCHOOL
DALLAS,ST THOMAS AQUINAS CATHOLIC SCHOOL
BRAZOS,ST THOMAS EARLY LEARNING CENTER
HARRIS,ST THOMAS MORE PARISH SCHOOL
HARRIS,ST THOMAS THE APOSTLE EPISCOPAL SCHOOL
DENTON,ST TIMOTHY CHRISTIAN ACADEMY
HARRIS,ST VINCENT DE PAUL CATHOLIC SCHOOL
HARRIS,STAR MONTESSORI SCHOOL
DENTON,STARWOOD ACADEMY OF FRISCO
HARRIS,STEP BY STEP CHRISTIAN SCHOOL
ERATH,STEPHENVILLE CHRISTIAN SCHOOL
TARRANT,STEPPING STONES ACADEMY
BRAZOS,STILL CREEK CHRISTIAN ACADEMY
HARRIS,STJOHN PAUL II CATHOLIC SCHOOL
DALLAS,STONEGATE CHRISTIAN ACADEMY
TRAVIS,STONEHILL CHRISTIAN ACADEMY
HARRIS,STRAKE JESUIT COLLEGE PREP SCHOOL
BEXAR,SUBURBAN SCHOOL
FORT BEND,SUGAR CREEK MONTESSORI SCHOOL
TRAVIS,SUMMIT CHRISTIAN ACADEMY OF CEDAR PARK
MCLENNAN,SUMMIT SCHOOL WACO
EL PASO,SUN COUNTRY MONTESSORI
BEXAR,SUNSHINE COTTAGE SCHOOL FOR DEAF CHILDREN
WEBB,SUPERIOR ACADEMY OF LOREDO
BRAZORIA,SWEENY CHRISTIAN SCHOOL
JOHNSON,SYCAMORE ACADEMY
BELL,TAMRA LEARNING ACADEMY
HARRIS,TANGLEWOOD ACADEMY
LUBBOCK,TAS MONTESSORI SCHOOL
HIDALGO,TAYLOR CHRISTIAN SCHOOL
TARRANT,TEMPLE CHRISTIAN SCHOOLS
COLLIN,TEXAS TORAH INSTITUTE
GRAYSON,TEXOMA CHRISTIAN SCHOOL
COLLIN,THE ACADEMY AT CHURCH ELEVEN32
BEXAR,THE ACORN - A SCHOOL FOR YOUNG CHILDREN
JEFFERSON,THE ANCHOR EARLY LEARNING CENTER
BEXAR,THE ATONEMENT CATHOLIC ACADEMY
TRAVIS,THE AUSTIN SCHOOL FOR PERFORMING AND VISUAL ARTS
HARRIS,THE BANFF SCHOOL
HARRIS,THE BRANCH SCHOOL
SMITH,THE BROOK HILL SCHOOL
DALLAS,THE CAMBRIDGE SCHOOL OF DALLAS
COMAL,THE CHILDREN'S COURTYARD INC.
ELLIS,THE CHILDRENS MONTESSORI CENTER
BEXAR,THE CHRISTIAN SCHOOL AT CASTLE HILLS
BEXAR,THE CIRCLE SCHOOL
DENTON,THE CLARIDEN SCHOOL
HARRIS,THE CONNECTION SCHOOL OF HOUSTON
HARRIS,THE COVENANT PREPARATORY SCHOOL
DALLAS,THE COVENANT SCHOOL
HIDALGO,THE DISCOVERY SCHOOL
COLLIN,THE EINSTEIN SCHOOL OF PLANO
HARRIS,THE EMERY/WEINER CENTER FOR JEWISH EDUCATION
HARRIS,THE EMERY/WEINER SCHOOL
DALLAS,THE FAMILY PLACE CHILD DEVELOPMENT CENTER
WHARTON,THE FIRST SCHOOL
ROCKWALL,THE FULTON SCHOOL
HARRIS,THE GALLOWAY SCHOOL
HARRIS,THE GATEWAY ACADEMY
WILLIAMSON,THE GODDARD SCHOOL   CEDAR PARK
COLLIN,THE GODDARD SCHOOL OF ALLEN
WILLIAMSON,THE GODDARD SCHOOL-LEANDER
CALDWELL,THE GOSPEL LIGHTHOUSE CHRISTIAN ACADEMY
HARRIS,THE GREENWOOD PRESCHOOL
MONTGOMERY,THE GROVE COMMUNITY SCHOOL
HARRIS,THE HARRIS SCHOOL
DALLAS,THE HIGHLANDS SCHOOL
DALLAS,THE HILLIER SCHOOL
DALLAS,THE HOCKADAY SCHOOL
HARRIS,THE HUB HOUSTON INC.
DALLAS,THE HUMANIST ACADEMY
HARRIS,THE IMANI SCHOOL
EL PASO,THE J CENTER FOR EARLY LEARNING
TARRANT,THE JANE JUSTIN SCHOOL
MONTGOMERY,THE JOHN COOPER SCHOOL
HARRIS,THE JOY SCHOOL
DALLAS,THE KESSLER SCHOOL
DALLAS,THE KING'S ACADEMY
HARRIS,THE KINKAID SCHOOL - HEAD OF SCHOOL OFFICE
HARRIS,THE KIPLING SCHOOL
DALLAS,THE LAMPLIGHTER SCHOOL
BEXAR,THE LILYPAD GARDEN SCHOOL
FORT BEND,THE LITTLE VILLAGE SCHOOL
TRAVIS,THE MAGELLAN INTERNATIONAL SCHOOL
TRAVIS,THE MAGNOLIA SCHOOL
HARRIS,THE MOMENTUM ACADEMY
TARRANT,THE MONTESSORI ACADEMY OF ARLINGTON INC
BEXAR,THE MONTESSORI SCHOOL OF SAN ANTONIO
JEFFERSON,THE MONTESSORI SCHOOL ON 11TH STREET
BELL,THE MONTESSORI SCHOOLS OF CENTRAL TEXAS
TARRANT,THE NEW KEY SCHOOL INC
TARRANT,THE NOVUS ACADEMY
TARRANT,THE OAKRIDGE SCHOOL
HARRIS,THE PARISH SCHOOL
HIDALGO,THE PHARR ORATORY OF ST PHILIP NERI SCHOOL SYSTEM
HARRIS,THE POST OAK SCHOOL
GREGG,THE PREP SCHOOL
TRAVIS,THE PREP SCHOOL OF BEE CAVE
HAYS,THE PREPARATORY SCHOOL OF DRIPPING SPRINGS
HARRIS,THE REGIS SCHOOL OF THE SACRED HEART
MONTGOMERY,THE RUBICON ACADEMY
HARRIS,THE SAINT CONSTANTINE SCHOOL
DALLAS,THE SAINT TIMOTHY SCHOOL
HARRIS,THE SCHOOL FOR YOUNG CHILDREN
JEFFERSON,THE SCHOOL OF MONTESSORI
HARRIS,THE SHLENKER SCHOOL
DALLAS,THE SLOAN SCHOOL
DALLAS,THE ST ANTHONY SCHOOL
HARRIS,THE TENNEY SCHOOL
FORT BEND,THE TOWNE CREEK SCHOOL
HARRIS,THE VILLAGE SCHOOL
HARRIS,THE VILLAGE SCHOOL
FORT BEND,THE WALDEN SCHOOL
DALLAS,THE WESTWOOD SCHOOL
FORT BEND,THE WIDE SCHOOL
FORT BEND,THE WILLIAMS SCHOOL DBA HOMESCHOOL ACADEMY
DALLAS,THE WINSTON SCHOOL
BEXAR,THE WINSTON SCHOOL SAN ANTONIO
MONTGOMERY,THE WOODLANDS METHODIST SCHOOL
HARRIS,THE WOODLANDS PREPORATORY SCHOOL
BURNET,TIERRA VISTA MONTESSORI SCHOOL
DALLAS,TKG ACADEMY
BEXAR,TMI EPISCOPAL
WALKER,TOMORROW'S PROMISE
BEXAR,TORAH ACADEMY OF SAN ANTONIO
HARRIS,TORAH DAY SCHOOL
COLLIN,TORAH DAY SCHOOL OF DALLAS
HARRIS,TORAH GIRLS ACADEMY OF TEXAS
ANGELINA,TOTS ON THE MOVE CHILD EDUCATION CENTER
BEXAR,TOWN EAST CHRISTIAN SCHOOL
BRAZOS,TRADITIONS MONTESSORI SCHOOL
HARRIS,TRAFTON ACADEMY
BEXAR,TRAIN-UP A CHILD LEARNING CENTER / NURSERY
BEXAR,TRINITY CHRISTIAN ACADEMY
DALLAS,TRINITY CHRISTIAN ACADEMY
LAMAR,TRINITY CHRISTIAN ACADEMY
LUBBOCK,TRINITY CHRISTIAN SCHOOL
MONTGOMERY,TRINITY EPISCOPAL DAY SCHOOL
HARRISON,TRINITY EPISCOPAL SCHOOL
VICTORIA,TRINITY EPISCOPAL SCHOOL
TRAVIS,TRINITY EPISCOPAL SCHOOL OF AUSTIN
DENTON,TRINITY LEARNING CENTER
HARRIS,TRINITY LUTHERAN SCHOOL
POTTER,TRINITY LUTHERAN SCHOOL
TOM GREEN,TRINITY LUTHERAN SCHOOL
MIDLAND,TRINITY SCHOOL
GREGG,TRINITY SCHOOL OF TEXAS
GALVESTON,TRUE CROSS CATHOLTIC SCHOOL - DICKINSON
FORT BEND,TRUE KNIGHT ACADEMY
DALLAS,TURNING POINT CHRISTIAN ACADEMY
SMITH,TYLER ADVENTIST SCHOOL
BEXAR,UNITED KIDZ ACADEMY SAN ANTONIO
TARRANT,UNIVERSITY CHRISTIAN CHURCH WEEKDAY SCHOOL
DALLAS,UNIVERSITY PARK UMC WEEKDAY SCHOOL
BEXAR,UNIVERSITY UNITED METHODIST DAY SCHOOL
GALVESTON,UPWARD HOPE ACADEMY
DALLAS,UR POWERS KIDS
DALLAS,URSULINE ACADEMY OF DALLAS
UVALDE,UVALDE CLASSICAL ACADEMY
JEFFERSON,VAL VERDE CHRISTIAN ACADEMY
HIDALGO,VALLEY CHRISTIAN HERITAGE SCHOOL
MCLENNAN,VALOR PREPARATORY ACADEMY
HARRIS,VAN HOUSTON ACADEMY
DALLAS,VANGUARD PREPARATORY SCHOOL
NUECES,VENTURE CHRISTIAN SCHOOL
COLLIN,VERITAS ACADEMY
HAYS,VERITAS ACADEMY
HARRIS,VERITAS CHRISTIAN ACADEMY
VICTORIA,VICTORIA CHRISTIAN SCHOOL
PARKER,VICTORY BAPTIST ACADEMY
OCHILTREE,VICTORY CHRISTIAN ACADEMY
FORT BEND,VILLA DI MARIA MONTESSORI SCHOOL
HARRIS,VILLAGE MIDDLE SCHOOL
BEXAR,VINEYARD CHRISTIAN SCHOOL
MCLENNAN,WACO MONTESSORI SCHOOL
WALLER,WALLER CHRISTIAN ACADEMY
TRAVIS,WATERLOO SCHOOL
TARRANT,WAYPOINT MONTESSORI
PARKER,WEATHERFORD CHRISTIAN SCHOOL
TARRANT,WEDGWOOD ACADEMY
CORYELL,WEE CARE SCHOOL
GREGG,WEE LEARN CENTER
DALLAS,WESLEY PREP
DALLAS,WESLEYAN ACADEME
DALLAS,WESLEYAN CHRISTIAN ACADEMY
DALLAS,WEST DALLAS COMMUNITY SCHOOL
HARRIS,WEST MONTESSORI SCHOOL OF COPPERFIELD
HARRIS,WESTBURY CHRISTIAN SCHOOL
EL PASO,WESTERN HILLS ACADEMY
HARRIS,WESTLAKE CHILD DEVELOPMENT CENTER
DALLAS,WESTMINSTER PRESBYTERIAN PRESCHOOL & KINDERGARTEN
HARRIS,WESTSIDE BAPTIST ACADEMY
HARRIS,WESTSIDE MONTESSORI SCHOOL
HARRIS,WESTVIEW SCHOOL
COLLIN,WHITE DOVE MONTESSORI SCHOOL
DALLAS,WHITE ROCK MONTESSORI
DALLAS,WHITE ROCK NORTH SCHOOL
TRAVIS,WHOLE LIFE LEARNING CENTER
TRAVIS,WHOLESOME GENERATION
WICHITA,WICHITA CHRISTIAN SCHOOL
TRAVIS,WILLIAMS COMMUNITY SCHOOL
DALLAS,WILLOW MONTESSORI ACADEMY
HAYS,WIMBERLEY MONTESSORI
COLLIN,WIND ROSE ACADEMY
ZAVALA,WINTERGARTEN CHRISTIAN SCHOOL
DALLAS,WISDOM ACADEMY
HAYS,WONDERLAND SCHOOL
TRAVIS,WONDERWELL
MONTGOMERY,WOODLANDS CHRISTIAN ACADEMY
MCLENNAN,WOODWAY CHRISTIAN SCHOOL
COLLIN,WYLIE PREPARATORY ACADEMY
HARRIS,XAVIER EDUCATIONAL ACADEMY
HARRIS,YELLOW SCHOOL-MDPC
HARRIS,YELLOWSTONE ACADEMY
HARRIS,YORKSHIRE ACADEMY
NUECES,YORKTOWN CHRISTIAN ACADEMY
COLLIN,YORKTOWN EDUCATION
TRAVIS,YPW SPANISH IMMERSION SCHOOL
DALLAS,ZION LUTHERAN SCHOOL
WILLIAMSON,ZION LUTHERAN SCHOOL
